{
    "EulerType":"rzyx",
    "FromDegree":true,
    "pose_count":19,
    "pose_00":[751.604, 9.701, 110.192, 0.181404,  -0.104942 ,179.486],
    "pose_01":[847.969, 105.289, 109.071, 0.18568,  -0.104902 ,179.483],
    "pose_02":[847.233, -86.645, 110.467, 0.182214,  -0.102558 ,179.487],
    "pose_03":[655.952, 106.094, 109.866, 0.18817,  -0.106244 ,179.488],
    "pose_04":[655.264, -85.97, 111.416, 0.18108,  -0.114528 ,179.484],
    "pose_05":[891.977, 149.794, 358.612, 0.180234,  -0.109425 ,179.491],
    "pose_06":[890.928, -127.632, 360.56, 0.182155,  -0.101668 ,179.482],
    "pose_07":[614.463, 150.931, 359.676, 0.189453,  -0.0993314 ,179.486],
    "pose_08":[613.455, -126.623, 361.848, 0.184781,  -0.10859 ,179.483],
    "pose_09":[935.986, 194.288, 607.988, 0.177787,  -0.103477 , 179.487],
    "pose_10":[934.64, -168.596, 610.71, 0.186749,  -0.0983816 ,179.486],
    "pose_11":[572.983, 195.735, 609.499, 0.185077,  -0.103 ,179.482],
    "pose_12":[571.66, -167.285, 612.355, 0.184743,  -0.104642 ,179.484],
    "pose_13":[778.602, -204.048, 406.551, -16.9025,  -0.32649 ,-167.571 ],
    "pose_14":[660.642, -18.066, 353.784,  -9.92253,  -5.39925 ,-177.58],
    "pose_15":[688.39, -46.085, 352.35,  26.2367,  -2.52896 ,178.121],
    "pose_16":[743.305, 215.849, 369.873,  12.2499,  0.0779087 ,167.548],
    "pose_17":[991.194, 177.331, 409.686, -14.4088,  10.1912 ,173.441 ],
    "pose_18":[867.678, -145.107, 393.175,  25.3201,  6.10381 ,-176.811]
 ,}