{
    "EulerType":"sxyz",
    "FromDegree":true,
    "pose_count":19,
    "pose_00":[751.604, 9.701, 110.192, 179.486, -0.104942, 0.181404],
    "pose_01":[847.969, 105.289, 109.071, 179.483, -0.104902, 0.18568],
    "pose_02":[847.233, -86.645, 110.467, 179.487, -0.102558, 0.182214],
    "pose_03":[655.952, 106.094, 109.866, 179.488, -0.106244, 0.18817],
    "pose_04":[655.264, -85.97, 111.416, 179.484, -0.114528, 0.18108],
    "pose_05":[891.977, 149.794, 358.612, 179.491, -0.109425, 0.180234],
    "pose_06":[890.928, -127.632, 360.56, 179.482, -0.101668, 0.182155],
    "pose_07":[614.463, 150.931, 359.676, 179.486, -0.0993314, 0.189453],
    "pose_08":[613.455, -126.623, 361.848, 179.483, -0.10859, 0.184781],
    "pose_09":[935.986, 194.288, 607.988,  179.487, -0.103477, 0.177787],
    "pose_10":[934.64, -168.596, 610.71, 179.486, -0.0983816, 0.186749],
    "pose_11":[572.983, 195.735, 609.499, 179.482, -0.103, 0.185077],
    "pose_12":[571.66, -167.285, 612.355, 179.484, -0.104642, 0.184743],
    "pose_13":[778.602, -204.048, 406.551, -167.571, -0.32649, -16.9025],
    "pose_14":[660.642, -18.066, 353.784, -177.58, -5.39925, -9.92253],
    "pose_15":[688.39, -46.085, 352.35, 178.121, -2.52896, 26.2367],
    "pose_16":[743.305, 215.849, 369.873, 167.548, 0.0779087, 12.2499],
    "pose_17":[991.194, 177.331, 409.686, 173.441, 10.1912, -14.4088],
    "pose_18":[867.678, -145.107, 393.175, -176.811, 6.10381, 25.3201]
}