{
    "EulerType":"sxyz",
    "FromDegree":true,
    "pose_count":15,
    "pose_00":[1.67849,0.039528,0.509924,-179.995,0.0236277,31.2069],
    "pose_01":[1.77849,-0.060456,0.509924,-179.995,0.0235681,31.2079],
    "pose_02":[1.57848,-0.060466,0.50992,-179.995,0.0239705,31.2074],
    "pose_03":[1.77849,0.139513,0.509923,-179.995,0.0234572,31.2057],
    "pose_04":[1.57848,0.139516,0.509923,-179.994,0.0235924,31.2057],
    "pose_05":[1.72849,-0.010467,0.809931,-179.995,0.0230308,31.2072],
    "pose_06":[1.62848,-0.010465,0.809924,-179.994,0.0236615,31.2072],
    "pose_07":[1.72849,0.089524,0.809925,-179.995,0.0234597,31.2068],
    "pose_08":[1.62848,0.089522,0.809921,-179.994,0.0236706,31.2065],
    "pose_09":[1.6785,0.039553,0.659934,165.005,0.0228498,31.2078],
    "pose_10":[1.67848,0.039544,0.659918,-179.995,-14.976,31.2067],
    "pose_11":[1.67849,0.039518,0.659922,-179.989,0.0211729,46.2066],
    "pose_12":[1.67849,0.039541,0.65993,-164.995,0.0237426,31.2073],
    "pose_13":[1.67849,0.039534,0.659914,-179.994,15.0238,31.2084],
    "pose_14":[1.67849,0.039547,0.659932,179.998,0.0240017,16.208]
}